[
{
    "id": "6426d6ed5bf633290",
    "name": "Closed Won",
    "entityType": "Opportunity",
    "order": 1,
    "isActive": true,
    "createdAt": "2023-03-31 12:49:49",
    "modifiedAt": "2023-03-31 12:49:49",
    "createdById": "6411e441336e27a46",
    "reportId": "6426d6e4de7854f2d"
},
{
    "id": "642bfe7b618fbd272",
    "name": "In Review",
    "entityType": "KnowledgeBaseArticle",
    "order": 1,
    "isActive": true,
    "createdAt": "2023-04-04 10:39:55",
    "modifiedAt": "2023-04-04 10:39:55",
    "createdById": "6411e441336e27a46",
    "reportId": "642bfe6a7baf353e1"
},
{
    "id": "646c85e37b78840ea",
    "name": "Today's Birthday",
    "entityType": "Contact",
    "order": 1,
    "isActive": true,
    "createdAt": "2023-05-23 09:22:43",
    "modifiedAt": "2023-05-23 09:22:43",
    "createdById": "6411e441336e27a46",
    "reportId": "646b76916963a6b21"
}
]
