[
{
    "id": "646c8e1cec68bd405",
    "name": "Cases",
    "entityType": "User",
    "isActive": true,
    "type": "side",
    "column": "COUNT:id",
    "order": 7,
    "displayType": "Chart-Total",
    "displayTotal": true,
    "displayOnlyTotal": false,
    "createdAt": "2023-05-23 09:57:48",
    "modifiedAt": "2023-05-23 09:57:48",
    "dynamicLogicVisible": "{\"conditionGroup\":[{\"type\":\"isNotEmpty\",\"attribute\":\"id\"}]}",
    "useSiMultiplier": true,
    "createdById": "6411e441336e27a46",
    "reportId": "646c8b568d409d898"
},
{
    "id": "646c7ecda4965c2d9",
    "name": "Income",
    "entityType": "Account",
    "isActive": true,
    "type": "side",
    "column": "SUM:amountConverted",
    "order": 7,
    "displayType": "Total",
    "displayTotal": true,
    "displayOnlyTotal": true,
    "createdAt": "2023-05-23 08:52:29",
    "modifiedAt": "2023-05-23 08:52:29",
    "dynamicLogicVisible": "{\"conditionGroup\":[{\"type\":\"isNotEmpty\",\"attribute\":\"id\"}]}",
    "useSiMultiplier": true,
    "createdById": "6411e441336e27a46",
    "reportId": "646c7e96eb6daa2ae"
}
]
