[
{
    "id": "003",
    "name": "Calls by account and user",
    "entityType": "Call",
    "type": "Grid",
    "data": null,
    "columns": "[\"COUNT:id\"]",
    "groupBy": "[\"account\",\"assignedUser\"]",
    "orderBy": "[]",
    "filters": null,
    "filtersDataList": "[{\"id\":\"4c2388c1c4172\",\"name\":\"status\",\"params\":{\"type\":\"in\",\"value\":[\"Held\"],\"data\":{\"type\":\"anyOf\",\"valueList\":[\"Held\"]},\"field\":\"status\",\"attribute\":\"status\"}},{\"id\":\"8e4adcd31d598\",\"name\":\"account\",\"params\":{\"type\":\"isNotNull\",\"attribute\":\"accountId\",\"data\":{\"type\":\"isNotEmpty\"},\"field\":\"accountId\"}}]",
    "runtimeFilters": "[]",
    "filtersData": null,
    "columnsData": null,
    "chartColorList": "[\"\"]",
    "chartColors": "{\"\":\"#9395fa\"}",
    "chartColor": "#6fa8d6",
    "chartDataList": null,
    "chartType": "BarVertical",
    "depth": null,
    "isInternal": false,
    "createdAt": "2023-01-01 21:15:53",
    "modifiedAt": "2023-05-23 09:31:01",
    "emailSendingLastDateSent": null,
    "emailSendingDoNotSendEmptyReport": false,
    "applyAcl": false,
    "joinedReportDataList": null,
    "createdById": "system",
    "modifiedById": "6411e441336e27a46"
},
{
    "id": "6436c6b67638543ec",
    "name": "Campaigns Log",
    "entityType": "CampaignLogRecord",
    "type": "List",
    "data": null,
    "columns": "[\"campaign\",\"action\",\"parent\"]",
    "groupBy": null,
    "orderBy": null,
    "filters": null,
    "filtersDataList": "[]",
    "runtimeFilters": "[]",
    "filtersData": null,
    "columnsData": "{\"campaign\":{\"width\":null,\"align\":\"left\",\"link\":false,\"exportOnly\":false,\"notSortable\":false},\"action\":{\"width\":null,\"align\":\"left\",\"link\":false,\"exportOnly\":false,\"notSortable\":false},\"parent\":{\"width\":null,\"align\":\"left\",\"link\":false,\"exportOnly\":false,\"notSortable\":false}}",
    "chartColorList": null,
    "chartColors": null,
    "chartColor": "#6FA8D6",
    "chartDataList": null,
    "depth": null,
    "isInternal": false,
    "createdAt": "2023-04-12 14:56:54",
    "modifiedAt": "2023-05-23 09:19:00",
    "emailSendingLastDateSent": null,
    "emailSendingDoNotSendEmptyReport": false,
    "applyAcl": false,
    "joinedReportDataList": null,
    "createdById": "1",
    "modifiedById": "6411e441336e27a46"
},
{
    "id": "646c8b568d409d898",
    "name": "Cases by Users",
    "entityType": "Case",
    "type": "Grid",
    "data": null,
    "columns": "[\"COUNT:id\"]",
    "groupBy": "[\"assignedUser\",\"status\"]",
    "orderBy": "[]",
    "filters": null,
    "filtersDataList": "[{\"id\":\"afa3552a57b06\",\"name\":\"assignedUser\",\"params\":{\"type\":\"isNotNull\",\"attribute\":\"assignedUserId\",\"data\":{\"type\":\"isNotEmpty\"},\"field\":\"assignedUserId\"}}]",
    "runtimeFilters": "[]",
    "filtersData": null,
    "columnsData": null,
    "chartColorList": "[\"New\",\"Assigned\",\"Pending\",\"Closed\",\"Rejected\",\"Duplicate\"]",
    "chartColors": "{\"New\":\"#6fa8d6\",\"Assigned\":\"#edc555\",\"Pending\":\"#de6666\",\"Closed\":\"#8a7cc2\",\"Rejected\":\"#c1834d\",\"Duplicate\":\"#4e6cad\"}",
    "chartColor": "#6fa8d6",
    "chartDataList": null,
    "chartType": "BarVertical",
    "depth": null,
    "isInternal": false,
    "createdAt": "2023-05-23 09:45:58",
    "modifiedAt": "2023-05-23 10:01:59",
    "emailSendingLastDateSent": null,
    "emailSendingDoNotSendEmptyReport": false,
    "applyAcl": true,
    "joinedReportDataList": null,
    "createdById": "6411e441336e27a46",
    "modifiedById": "6411e441336e27a46"
},
{
    "id": "646c8a9d1ac9d8f56",
    "name": "Cases Count by Accounts",
    "entityType": "Case",
    "type": "Grid",
    "data": null,
    "columns": "[\"COUNT:id\"]",
    "groupBy": "[\"account\"]",
    "orderBy": "[]",
    "filters": null,
    "filtersDataList": "[]",
    "runtimeFilters": "[]",
    "filtersData": null,
    "columnsData": null,
    "chartColorList": "[]",
    "chartColors": "{}",
    "chartColor": "#6fa8d6",
    "chartDataList": null,
    "chartType": "BarVertical",
    "depth": null,
    "isInternal": false,
    "createdAt": "2023-05-23 09:42:53",
    "modifiedAt": "2023-05-23 09:45:05",
    "emailSendingLastDateSent": null,
    "emailSendingDoNotSendEmptyReport": false,
    "applyAcl": true,
    "joinedReportDataList": null,
    "createdById": "6411e441336e27a46",
    "modifiedById": "6411e441336e27a46"
},
{
    "id": "016",
    "name": "Closed Cases by Assigned User",
    "entityType": "Case",
    "type": "Grid",
    "data": null,
    "columns": "[\"COUNT:id\"]",
    "groupBy": "[\"assignedUser\"]",
    "orderBy": null,
    "filters": null,
    "filtersDataList": "[{\"id\":\"71705f77f3cf9\",\"name\":\"status\",\"params\":{\"type\":\"in\",\"value\":[\"Closed\"],\"data\":{\"type\":\"anyOf\",\"valueList\":[\"Closed\"]},\"field\":\"status\",\"attribute\":\"status\"}}]",
    "runtimeFilters": null,
    "filtersData": null,
    "columnsData": null,
    "chartColorList": null,
    "chartColors": null,
    "chartColor": "#6FA8D6",
    "chartDataList": null,
    "chartType": "BarHorizontal",
    "depth": null,
    "isInternal": false,
    "createdAt": "2022-06-28 15:47:25",
    "modifiedAt": "2023-05-23 10:53:15",
    "emailSendingLastDateSent": null,
    "emailSendingDoNotSendEmptyReport": false,
    "applyAcl": false,
    "joinedReportDataList": null,
    "createdById": "system",
    "modifiedById": "6411e441336e27a46",
    "assignedUserId": "52eb7b4ba5500"
},
{
    "id": "6426d6e4de7854f2d",
    "name": "Closed Won Opportunities",
    "entityType": "Opportunity",
    "type": "List",
    "data": null,
    "columns": "[\"name\"]",
    "groupBy": null,
    "orderBy": null,
    "filters": null,
    "filtersDataList": "[{\"id\":\"749eaa9d6472c\",\"name\":\"stage\",\"params\":{\"type\":\"in\",\"value\":[\"Closed Won\"],\"data\":{\"type\":\"anyOf\",\"valueList\":[\"Closed Won\"]},\"field\":\"stage\",\"attribute\":\"stage\"}}]",
    "runtimeFilters": "[]",
    "filtersData": null,
    "columnsData": "{\"name\":{\"width\":null,\"align\":\"left\",\"link\":true,\"exportOnly\":false,\"notSortable\":false}}",
    "chartColorList": null,
    "chartColors": null,
    "chartColor": "#6FA8D6",
    "chartDataList": null,
    "depth": null,
    "isInternal": false,
    "createdAt": "2023-03-31 12:49:40",
    "modifiedAt": "2023-05-23 08:48:29",
    "emailSendingLastDateSent": null,
    "emailSendingDoNotSendEmptyReport": false,
    "applyAcl": false,
    "joinedReportDataList": null,
    "createdById": "6411e441336e27a46",
    "modifiedById": "6411e441336e27a46"
},
{
    "id": "646c7a4ad49ee09c7",
    "name": "Contacts (for Joint report)",
    "entityType": "Contact",
    "type": "Grid",
    "data": null,
    "columns": "[\"COUNT:id\"]",
    "groupBy": "[\"assignedUser\"]",
    "orderBy": "[]",
    "filters": null,
    "filtersDataList": "[{\"id\":\"7e7ed2c96c98e\",\"name\":\"assignedUser\",\"params\":{\"type\":\"isNotNull\",\"attribute\":\"assignedUserId\",\"data\":{\"type\":\"isNotEmpty\"},\"field\":\"assignedUserId\"}}]",
    "runtimeFilters": "[]",
    "filtersData": null,
    "columnsData": null,
    "chartColorList": "[]",
    "chartColors": "{}",
    "chartColor": "#6fa8d6",
    "chartDataList": null,
    "depth": null,
    "isInternal": false,
    "createdAt": "2023-05-23 08:33:14",
    "modifiedAt": "2023-05-23 09:32:17",
    "emailSendingLastDateSent": null,
    "emailSendingDoNotSendEmptyReport": false,
    "applyAcl": false,
    "joinedReportDataList": null,
    "createdById": "6411e441336e27a46",
    "modifiedById": "6411e441336e27a46"
},
{
    "id": "638a1217496d29959",
    "name": "Contacts grouped by Account",
    "entityType": "Contact",
    "type": "Grid",
    "data": null,
    "columns": "[\"name\",\"addressCountry\"]",
    "groupBy": "[\"account\"]",
    "orderBy": "[]",
    "filters": null,
    "filtersDataList": "[{\"id\":\"6173763d88467\",\"name\":\"account\",\"params\":{\"type\":\"isNotNull\",\"attribute\":\"accountId\",\"data\":{\"type\":\"isNotEmpty\"},\"field\":\"accountId\"}}]",
    "runtimeFilters": "[]",
    "filtersData": null,
    "columnsData": null,
    "chartColorList": "[]",
    "chartColors": "{}",
    "chartColor": "#6fa8d6",
    "chartDataList": null,
    "chartType": "Pie",
    "depth": null,
    "isInternal": false,
    "createdAt": "2022-12-02 14:56:23",
    "modifiedAt": "2023-05-23 09:14:48",
    "emailSendingLastDateSent": null,
    "emailSendingDoNotSendEmptyReport": false,
    "applyAcl": true,
    "joinedReportDataList": null,
    "categoryId": "646c83cc699bc6217",
    "createdById": "1",
    "modifiedById": "6411e441336e27a46"
},
{
    "id": "646b76916963a6b21",
    "name": "Contacts that have birthday today",
    "entityType": "Contact",
    "type": "List",
    "data": null,
    "columns": "[\"name\",\"emailAddress\"]",
    "groupBy": null,
    "orderBy": null,
    "filters": null,
    "filtersDataList": "[{\"id\":\"7d156a8f52adf\",\"type\":\"complexExpression\",\"params\":{\"function\":\"DATE_NUMBER\",\"attribute\":\"dateOfBirth\",\"operator\":\"equals\",\"value\":\"datetime\\\\date(datetime\\\\now())\",\"expression\":null}},{\"id\":\"c474ec1c96788\",\"type\":\"complexExpression\",\"params\":{\"function\":\"MONTH_NUMBER\",\"attribute\":\"dateOfBirth\",\"operator\":\"equals\",\"value\":\"datetime\\\\month(datetime\\\\now())\",\"expression\":null}}]",
    "runtimeFilters": "[]",
    "filtersData": null,
    "columnsData": "{\"name\":{\"width\":null,\"align\":\"left\",\"link\":true,\"exportOnly\":false,\"notSortable\":false},\"emailAddress\":{\"width\":null,\"align\":\"left\",\"link\":false,\"exportOnly\":false,\"notSortable\":false}}",
    "chartColorList": null,
    "chartColors": null,
    "chartColor": "#6FA8D6",
    "chartDataList": null,
    "depth": null,
    "isInternal": false,
    "createdAt": "2023-05-22 14:05:05",
    "modifiedAt": "2023-05-22 14:05:09",
    "emailSendingLastDateSent": null,
    "emailSendingDoNotSendEmptyReport": false,
    "applyAcl": false,
    "joinedReportDataList": null,
    "createdById": "6411e441336e27a46",
    "modifiedById": "6411e441336e27a46"
},
{
    "id": "638770603c85499d0",
    "name": "Contacts with Accounts",
    "entityType": "Contact",
    "type": "List",
    "data": null,
    "columns": "[\"name\",\"account\"]",
    "groupBy": null,
    "orderBy": null,
    "filters": null,
    "filtersDataList": "[{\"id\":\"f10e5d3ca54b6\",\"name\":\"account\",\"params\":{\"type\":\"isNotNull\",\"attribute\":\"accountId\",\"data\":{\"type\":\"isNotEmpty\"},\"field\":\"accountId\"}}]",
    "runtimeFilters": "[]",
    "filtersData": null,
    "columnsData": "{\"name\":{\"width\":null,\"align\":\"left\",\"link\":true,\"exportOnly\":false,\"notSortable\":false},\"account\":{\"width\":null,\"align\":\"left\",\"link\":false,\"exportOnly\":false,\"notSortable\":false}}",
    "chartColorList": null,
    "chartColors": null,
    "chartColor": "#6FA8D6",
    "chartDataList": null,
    "depth": null,
    "isInternal": false,
    "createdAt": "2022-11-30 15:01:52",
    "modifiedAt": "2023-05-23 09:20:27",
    "emailSendingLastDateSent": null,
    "emailSendingDoNotSendEmptyReport": false,
    "applyAcl": false,
    "joinedReportDataList": null,
    "createdById": "1",
    "modifiedById": "6411e441336e27a46"
},
{
    "id": "646b2acaee8c9093c",
    "name": "Contacts with empty Country (simple)",
    "entityType": "Contact",
    "type": "List",
    "data": null,
    "columns": "[\"name\",\"emailAddress\",\"phoneNumber\",\"addressCountry\"]",
    "groupBy": null,
    "orderBy": null,
    "orderByList": "DESC:firstName",
    "filters": null,
    "filtersDataList": "[{\"id\":\"e16f7343bb224\",\"name\":\"addressCountry\",\"params\":{\"type\":\"or\",\"value\":[{\"type\":\"isNull\",\"field\":\"addressCountry\",\"attribute\":\"addressCountry\"},{\"type\":\"equals\",\"field\":\"addressCountry\",\"value\":\"\",\"attribute\":\"addressCountry\"}],\"data\":{\"type\":\"isEmpty\"}}}]",
    "runtimeFilters": "[]",
    "filtersData": null,
    "columnsData": "{\"name\":{\"width\":null,\"align\":\"left\",\"link\":true,\"exportOnly\":false,\"notSortable\":false},\"emailAddress\":{\"width\":null,\"align\":\"left\",\"link\":false,\"exportOnly\":false,\"notSortable\":false},\"phoneNumber\":{\"width\":null,\"align\":\"left\",\"link\":false,\"exportOnly\":false,\"notSortable\":false},\"addressCountry\":{\"width\":null,\"align\":\"left\",\"link\":false,\"exportOnly\":false,\"notSortable\":false}}",
    "chartColorList": null,
    "chartColors": null,
    "chartColor": "#6FA8D6",
    "chartDataList": null,
    "depth": null,
    "isInternal": false,
    "createdAt": "2023-05-22 08:41:46",
    "modifiedAt": "2023-05-23 09:33:04",
    "emailSendingLastDateSent": null,
    "emailSendingDoNotSendEmptyReport": false,
    "applyAcl": false,
    "joinedReportDataList": null,
    "createdById": "6411e441336e27a46",
    "modifiedById": "6411e441336e27a46"
},
{
    "id": "646c7e96eb6daa2ae",
    "name": "Income (for Report Panel)",
    "entityType": "Opportunity",
    "type": "Grid",
    "data": null,
    "columns": "[\"SUM:amountConverted\"]",
    "groupBy": "[\"account\"]",
    "orderBy": "[]",
    "filters": null,
    "filtersDataList": "[]",
    "runtimeFilters": "[]",
    "filtersData": null,
    "columnsData": null,
    "chartColorList": "[]",
    "chartColors": "{}",
    "chartColor": "#6fa8d6",
    "chartDataList": null,
    "depth": null,
    "isInternal": false,
    "createdAt": "2023-05-23 08:51:34",
    "modifiedAt": "2023-05-23 09:32:27",
    "emailSendingLastDateSent": null,
    "emailSendingDoNotSendEmptyReport": false,
    "applyAcl": false,
    "joinedReportDataList": null,
    "createdById": "6411e441336e27a46",
    "modifiedById": "6411e441336e27a46"
},
{
    "id": "642bfe6a7baf353e1",
    "name": "Knowlegde Base Articles In Review",
    "entityType": "KnowledgeBaseArticle",
    "type": "List",
    "data": null,
    "columns": "[\"name\"]",
    "groupBy": null,
    "orderBy": null,
    "filters": null,
    "filtersDataList": "[{\"id\":\"6c2ac91fcb7a6\",\"name\":\"status\",\"params\":{\"type\":\"in\",\"value\":[\"In Review\"],\"data\":{\"type\":\"anyOf\",\"valueList\":[\"In Review\"]},\"field\":\"status\",\"attribute\":\"status\"}}]",
    "runtimeFilters": "[]",
    "filtersData": null,
    "columnsData": "{\"name\":{\"width\":null,\"align\":\"left\",\"link\":true,\"exportOnly\":false,\"notSortable\":false}}",
    "chartColorList": null,
    "chartColors": null,
    "chartColor": "#6FA8D6",
    "chartDataList": null,
    "depth": null,
    "isInternal": false,
    "createdAt": "2023-04-04 10:39:38",
    "modifiedAt": "2023-05-22 08:38:55",
    "emailSendingLastDateSent": null,
    "emailSendingDoNotSendEmptyReport": false,
    "applyAcl": false,
    "joinedReportDataList": null,
    "createdById": "6411e441336e27a46",
    "modifiedById": "6411e441336e27a46"
},
{
    "id": "646c7a32dfb1c7855",
    "name": "Leads (for Joint report)",
    "entityType": "Lead",
    "type": "Grid",
    "data": null,
    "columns": "[\"COUNT:id\"]",
    "groupBy": "[\"assignedUser\"]",
    "orderBy": "[]",
    "filters": null,
    "filtersDataList": "[{\"id\":\"78ab40dad284\",\"name\":\"assignedUser\",\"params\":{\"type\":\"isNotNull\",\"attribute\":\"assignedUserId\",\"data\":{\"type\":\"isNotEmpty\"},\"field\":\"assignedUserId\"}}]",
    "runtimeFilters": "[]",
    "filtersData": null,
    "columnsData": null,
    "chartColorList": "[]",
    "chartColors": "{}",
    "chartColor": "#6fa8d6",
    "chartDataList": null,
    "depth": null,
    "isInternal": false,
    "createdAt": "2023-05-23 08:32:50",
    "modifiedAt": "2023-05-23 09:32:06",
    "emailSendingLastDateSent": null,
    "emailSendingDoNotSendEmptyReport": false,
    "applyAcl": false,
    "joinedReportDataList": null,
    "createdById": "6411e441336e27a46",
    "modifiedById": "6411e441336e27a46"
},
{
    "id": "646c7a74dc0e859d2",
    "name": "Leads and Contacts Count by User",
    "entityType": "Lead",
    "type": "JointGrid",
    "data": null,
    "columns": null,
    "groupBy": null,
    "orderBy": null,
    "filters": null,
    "filtersDataList": null,
    "runtimeFilters": null,
    "filtersData": null,
    "columnsData": null,
    "chartColorList": null,
    "chartColors": null,
    "chartColor": "#6FA8D6",
    "chartDataList": null,
    "chartType": "BarVertical",
    "depth": null,
    "isInternal": false,
    "createdAt": "2023-05-23 08:33:56",
    "modifiedAt": "2023-05-23 08:35:50",
    "emailSendingLastDateSent": null,
    "emailSendingDoNotSendEmptyReport": false,
    "applyAcl": false,
    "joinedReportDataList": "[{\"id\":\"646c7a32dfb1c7855\",\"label\":\"Leads\"},{\"id\":\"646c7a4ad49ee09c7\",\"label\":\"Contacts\"}]",
    "createdById": "6411e441336e27a46",
    "modifiedById": "6411e441336e27a46"
},
{
    "id": "010",
    "name": "Leads by source",
    "entityType": "Lead",
    "type": "Grid",
    "data": null,
    "columns": "[\"COUNT:id\"]",
    "groupBy": "[\"source\"]",
    "orderBy": "[\"LIST:source\"]",
    "filters": null,
    "filtersDataList": "[{\"id\":\"af614c422212d\",\"name\":\"status\",\"params\":{\"type\":\"in\",\"value\":[\"New\",\"Assigned\",\"In Process\"],\"data\":{\"type\":\"anyOf\",\"valueList\":[\"New\",\"Assigned\",\"In Process\"]},\"field\":\"status\",\"attribute\":\"status\"}}]",
    "runtimeFilters": "[]",
    "filtersData": null,
    "columnsData": null,
    "chartColorList": "[]",
    "chartColors": "{}",
    "chartColor": "#6fa8d6",
    "chartDataList": null,
    "chartType": "Pie",
    "depth": null,
    "isInternal": false,
    "createdAt": "2023-01-01 21:15:53",
    "modifiedAt": "2023-05-23 09:14:43",
    "emailSendingLastDateSent": null,
    "emailSendingDoNotSendEmptyReport": false,
    "applyAcl": true,
    "joinedReportDataList": null,
    "categoryId": "646c83cc699bc6217",
    "createdById": "system",
    "modifiedById": "6411e441336e27a46"
},
{
    "id": "008",
    "name": "Leads by status",
    "entityType": "Lead",
    "type": "Grid",
    "data": "{\"success\":\"Converted\"}",
    "columns": "[\"COUNT:id\"]",
    "groupBy": "[\"status\"]",
    "orderBy": "[\"LIST:status\"]",
    "filters": null,
    "filtersDataList": "[{\"id\":\"86ca72143221d\",\"name\":\"status\",\"params\":{\"type\":\"in\",\"value\":[\"New\",\"Assigned\",\"In Process\"],\"data\":{\"type\":\"anyOf\",\"valueList\":[\"New\",\"Assigned\",\"In Process\"]},\"field\":\"status\",\"attribute\":\"status\"}}]",
    "runtimeFilters": "[]",
    "filtersData": null,
    "columnsData": null,
    "chartColorList": null,
    "chartColors": null,
    "chartColor": "#6fa8d6",
    "chartDataList": null,
    "chartType": "BarHorizontal",
    "depth": null,
    "isInternal": false,
    "createdAt": "2023-01-01 21:15:53",
    "modifiedAt": "2023-05-23 09:14:32",
    "emailSendingLastDateSent": null,
    "emailSendingDoNotSendEmptyReport": false,
    "applyAcl": true,
    "joinedReportDataList": null,
    "categoryId": "646c83cc699bc6217",
    "createdById": "system",
    "modifiedById": "6411e441336e27a46"
},
{
    "id": "005",
    "name": "Leads by user",
    "entityType": "Lead",
    "type": "Grid",
    "data": null,
    "columns": "[\"COUNT:id\"]",
    "groupBy": "[\"assignedUser\"]",
    "orderBy": "[\"ASC:assignedUser\"]",
    "filters": null,
    "filtersDataList": "[{\"id\":\"52566133e5c87\",\"name\":\"status\",\"params\":{\"type\":\"in\",\"value\":[\"New\",\"Assigned\",\"In Process\"],\"data\":{\"type\":\"anyOf\",\"valueList\":[\"New\",\"Assigned\",\"In Process\"]},\"field\":\"status\",\"attribute\":\"status\"}},{\"id\":\"134bf9dd67c4d\",\"name\":\"assignedUser\",\"params\":{\"type\":\"isNotNull\",\"attribute\":\"assignedUserId\",\"data\":{\"type\":\"isNotEmpty\"},\"field\":\"assignedUserId\"}}]",
    "runtimeFilters": "[]",
    "filtersData": null,
    "columnsData": null,
    "chartColorList": null,
    "chartColors": null,
    "chartColor": "#6fa8d6",
    "chartDataList": null,
    "chartType": "BarVertical",
    "depth": null,
    "isInternal": false,
    "createdAt": "2023-01-01 21:15:53",
    "modifiedAt": "2023-05-23 09:31:35",
    "emailSendingLastDateSent": null,
    "emailSendingDoNotSendEmptyReport": false,
    "applyAcl": false,
    "joinedReportDataList": null,
    "createdById": "system",
    "modifiedById": "6411e441336e27a46"
},
{
    "id": "004",
    "name": "Opportunities by lead source and user",
    "entityType": "Opportunity",
    "type": "Grid",
    "data": null,
    "columns": "[\"COUNT:id\",\"SUM:amountWeightedConverted\"]",
    "groupBy": "[\"assignedUser\",\"leadSource\"]",
    "orderBy": "[\"LIST:leadSource\",\"ASC:assignedUser\"]",
    "filters": null,
    "filtersDataList": "[{\"id\":\"bb6a85d7b2a92\",\"name\":\"assignedUser\",\"params\":{\"type\":\"isNotNull\",\"attribute\":\"assignedUserId\",\"data\":{\"type\":\"isNotEmpty\"},\"field\":\"assignedUserId\"}}]",
    "runtimeFilters": "[]",
    "filtersData": null,
    "columnsData": null,
    "chartColorList": "[]",
    "chartColors": "{}",
    "chartColor": "#6fa8d6",
    "chartDataList": null,
    "chartType": "BarVertical",
    "depth": null,
    "isInternal": false,
    "createdAt": "2023-01-01 21:15:53",
    "modifiedAt": "2023-05-23 09:31:21",
    "emailSendingLastDateSent": null,
    "emailSendingDoNotSendEmptyReport": false,
    "applyAcl": false,
    "joinedReportDataList": null,
    "createdById": "system",
    "modifiedById": "6411e441336e27a46"
},
{
    "id": "006",
    "name": "Opportunities by user",
    "entityType": "Opportunity",
    "type": "Grid",
    "data": null,
    "columns": "[\"COUNT:id\",\"SUM:amountWeightedConverted\",\"SUM:amountConverted\"]",
    "groupBy": "[\"assignedUser\"]",
    "orderBy": "[\"ASC:assignedUser\"]",
    "filters": null,
    "filtersDataList": "[{\"id\":\"d955e51247b15\",\"name\":\"stage\",\"params\":{\"type\":\"in\",\"value\":[\"Prospecting\"],\"data\":{\"type\":\"anyOf\",\"valueList\":[\"Prospecting\"]},\"field\":\"stage\",\"attribute\":\"stage\"}}]",
    "runtimeFilters": "[]",
    "filtersData": null,
    "columnsData": null,
    "chartColorList": "[]",
    "chartColors": "{}",
    "chartColor": "#6fa8d6",
    "chartDataList": null,
    "chartType": "BarVertical",
    "depth": null,
    "isInternal": false,
    "createdAt": "2023-01-01 21:15:53",
    "modifiedAt": "2023-05-23 09:14:21",
    "emailSendingLastDateSent": null,
    "emailSendingDoNotSendEmptyReport": false,
    "applyAcl": true,
    "joinedReportDataList": null,
    "categoryId": "646c83cc699bc6217",
    "createdById": "system",
    "modifiedById": "6411e441336e27a46"
},
{
    "id": "002",
    "name": "Opportunities won",
    "entityType": "Opportunity",
    "type": "List",
    "data": null,
    "columns": "[\"name\",\"account\",\"closeDate\",\"amount\",\"stage\"]",
    "groupBy": null,
    "orderBy": null,
    "filters": null,
    "filtersDataList": "[{\"id\":\"87398585666bb\",\"name\":\"stage\",\"params\":{\"type\":\"in\",\"value\":[\"Closed Won\"],\"data\":{\"type\":\"anyOf\",\"valueList\":[\"Closed Won\"]},\"field\":\"stage\",\"attribute\":\"stage\"}}]",
    "runtimeFilters": "[]",
    "filtersData": null,
    "columnsData": "{\"name\":{\"width\":null,\"align\":\"left\",\"link\":true,\"exportOnly\":false,\"notSortable\":false},\"account\":{\"width\":null,\"align\":\"left\",\"link\":false,\"exportOnly\":false,\"notSortable\":false},\"closeDate\":{\"width\":null,\"align\":\"left\",\"link\":false,\"exportOnly\":false,\"notSortable\":false},\"amount\":{\"width\":null,\"align\":\"left\",\"link\":false,\"exportOnly\":false,\"notSortable\":false},\"stage\":{\"width\":null,\"align\":\"left\",\"link\":false,\"exportOnly\":false,\"notSortable\":false}}",
    "chartColorList": null,
    "chartColors": null,
    "chartColor": "#6FA8D6",
    "chartDataList": null,
    "depth": null,
    "isInternal": false,
    "createdAt": "2023-01-01 21:15:53",
    "modifiedAt": "2023-05-22 13:51:35",
    "emailSendingLastDateSent": null,
    "emailSendingDoNotSendEmptyReport": false,
    "applyAcl": false,
    "joinedReportDataList": null,
    "createdById": "system",
    "modifiedById": "6411e441336e27a46"
},
{
    "id": "646bd15f0136519cf",
    "name": "Opportunity not modified for 30+ days",
    "entityType": "Opportunity",
    "type": "List",
    "data": null,
    "columns": "[\"name\",\"modifiedAt\",\"assignedUser\"]",
    "groupBy": null,
    "orderBy": null,
    "filters": null,
    "filtersDataList": "[{\"id\":\"944f5f01f1bd3\",\"name\":\"modifiedAt\",\"params\":{\"type\":\"olderThanXDays\",\"value\":\"30\",\"dateTime\":true,\"field\":\"modifiedAt\",\"attribute\":\"modifiedAt\"}}]",
    "runtimeFilters": "[]",
    "filtersData": null,
    "columnsData": "{\"name\":{\"width\":null,\"align\":\"left\",\"link\":true,\"exportOnly\":false,\"notSortable\":false},\"modifiedAt\":{\"width\":null,\"align\":\"left\",\"link\":false,\"exportOnly\":false,\"notSortable\":false},\"assignedUser\":{\"width\":null,\"align\":\"left\",\"link\":false,\"exportOnly\":false,\"notSortable\":false}}",
    "chartColorList": null,
    "chartColors": null,
    "chartColor": "#6FA8D6",
    "chartDataList": null,
    "depth": null,
    "isInternal": false,
    "createdAt": "2023-05-22 20:32:31",
    "modifiedAt": "2023-05-23 09:18:22",
    "emailSendingLastDateSent": null,
    "emailSendingDoNotSendEmptyReport": false,
    "applyAcl": false,
    "joinedReportDataList": null,
    "createdById": "1",
    "modifiedById": "6411e441336e27a46",
    "assignedUserId": "1"
},
{
    "id": "009",
    "name": "Revenue by month",
    "entityType": "Opportunity",
    "type": "Grid",
    "data": "{\"success\":\"Closed Won\"}",
    "columns": "[\"SUM:amountConverted\"]",
    "groupBy": "[\"MONTH:closeDate\"]",
    "orderBy": null,
    "filters": null,
    "filtersDataList": "[{\"id\":\"429ccdc389055\",\"name\":\"stage\",\"params\":{\"type\":\"in\",\"value\":[\"Closed Won\"],\"data\":{\"type\":\"anyOf\",\"valueList\":[\"Closed Won\"]},\"field\":\"stage\",\"attribute\":\"stage\"}}]",
    "runtimeFilters": "[\"closeDate\"]",
    "filtersData": null,
    "columnsData": null,
    "chartColorList": null,
    "chartColors": null,
    "chartColor": "#6FA8D6",
    "chartDataList": null,
    "chartType": "BarVertical",
    "depth": null,
    "isInternal": false,
    "createdAt": "2023-01-01 21:15:53",
    "modifiedAt": "2023-05-22 13:51:35",
    "emailSendingLastDateSent": null,
    "emailSendingDoNotSendEmptyReport": false,
    "applyAcl": false,
    "joinedReportDataList": null,
    "createdById": "system",
    "modifiedById": "6411e441336e27a46"
},
{
    "id": "007",
    "name": "Revenue by month and user",
    "entityType": "Opportunity",
    "type": "Grid",
    "data": null,
    "columns": "[\"SUM:amountConverted\"]",
    "groupBy": "[\"MONTH:closeDate\",\"assignedUser\"]",
    "orderBy": "[\"ASC:assignedUser\"]",
    "filters": null,
    "filtersDataList": "[{\"id\":\"449f09b3eb3d\",\"name\":\"stage\",\"params\":{\"type\":\"in\",\"value\":[\"Closed Won\"],\"data\":{\"type\":\"anyOf\",\"valueList\":[\"Closed Won\"]},\"field\":\"stage\",\"attribute\":\"stage\"}},{\"id\":\"663a09165ec9a\",\"name\":\"assignedUser\",\"params\":{\"type\":\"isNotNull\",\"attribute\":\"assignedUserId\",\"data\":{\"type\":\"isNotEmpty\"},\"field\":\"assignedUserId\"}}]",
    "runtimeFilters": "[\"closeDate\"]",
    "filtersData": null,
    "columnsData": null,
    "chartColorList": "[]",
    "chartColors": "{}",
    "chartColor": "#6fa8d6",
    "chartDataList": null,
    "description": "Can be error in logs:\n```\n[2023-05-23 11:09:27] WARNING: E_WARNING: Undefined array key 1 {\"code\":2,\"message\":\"Undefined array key 1\",\"file\":\"/var/www/html/espo-master/application/Espo/Modules/Advanced/Services/Report.php\",\"line\":2786} \n```",
    "chartType": "Line",
    "depth": null,
    "isInternal": false,
    "createdAt": "2023-01-01 21:15:53",
    "modifiedAt": "2023-05-23 11:10:08",
    "emailSendingLastDateSent": null,
    "emailSendingDoNotSendEmptyReport": false,
    "applyAcl": false,
    "joinedReportDataList": null,
    "createdById": "system",
    "modifiedById": "6411e441336e27a46"
},
{
    "id": "013",
    "name": "Upcoming Sales",
    "entityType": "Opportunity",
    "type": "List",
    "data": null,
    "columns": "[\"name\",\"account\",\"amount\",\"closeDate\",\"stage\",\"probability\",\"assignedUser\"]",
    "groupBy": null,
    "orderBy": null,
    "orderByList": "ASC:closeDate",
    "filters": null,
    "filtersDataList": "[{\"id\":\"427e4649b81\",\"name\":\"closeDate\",\"params\":{\"type\":\"future\",\"field\":\"closeDate\",\"attribute\":\"closeDate\"}},{\"id\":\"b5f11d9e4de\",\"name\":\"stage\",\"params\":{\"type\":\"in\",\"value\":[\"Prospecting\"],\"data\":{\"type\":\"anyOf\",\"valueList\":[\"Prospecting\"]},\"field\":\"stage\",\"attribute\":\"stage\"}}]",
    "runtimeFilters": "[]",
    "filtersData": null,
    "columnsData": "{\"name\":{\"width\":null,\"align\":\"left\",\"link\":true,\"exportOnly\":false,\"notSortable\":false},\"account\":{\"width\":null,\"align\":\"left\",\"link\":false,\"exportOnly\":false,\"notSortable\":false},\"amount\":{\"width\":null,\"align\":\"left\",\"link\":false,\"exportOnly\":false,\"notSortable\":false},\"closeDate\":{\"width\":null,\"align\":\"left\",\"link\":false,\"exportOnly\":false,\"notSortable\":false},\"stage\":{\"width\":null,\"align\":\"left\",\"link\":false,\"exportOnly\":false,\"notSortable\":false},\"probability\":{\"width\":null,\"align\":\"left\",\"link\":false,\"exportOnly\":false,\"notSortable\":false},\"assignedUser\":{\"width\":null,\"align\":\"left\",\"link\":false,\"exportOnly\":false,\"notSortable\":false}}",
    "chartColorList": null,
    "chartColors": null,
    "chartColor": "#6FA8D6",
    "chartDataList": null,
    "depth": null,
    "isInternal": false,
    "createdAt": "2022-06-28 15:47:25",
    "modifiedAt": "2023-05-23 10:34:34",
    "emailSendingLastDateSent": null,
    "emailSendingDoNotSendEmptyReport": false,
    "applyAcl": false,
    "joinedReportDataList": null,
    "createdById": "system",
    "modifiedById": "6411e441336e27a46",
    "assignedUserId": "6411e441336e27a46"
},
{
    "id": "63282f2857573022d",
    "name": "Users Gender",
    "entityType": "User",
    "type": "Grid",
    "data": null,
    "columns": "[\"name\",\"gender\"]",
    "groupBy": "[]",
    "orderBy": null,
    "filters": null,
    "filtersDataList": "[]",
    "runtimeFilters": "[]",
    "filtersData": null,
    "columnsData": null,
    "chartColorList": "[]",
    "chartColors": "{}",
    "chartColor": "#6fa8d6",
    "chartDataList": null,
    "description": "Can be error in logs:\n```\nWARNING: E_WARNING: Undefined array key \"__STUB__\" {\"code\":2,\"message\":\"Undefined array key \\\"__STUB__\\\"\",\"file\":\"/var/www/html/espo-master/application/Espo/Modules/Advanced/Services/Report.php\",\"line\":4204} \n```",
    "depth": null,
    "isInternal": false,
    "createdAt": "2022-09-19 08:58:16",
    "modifiedAt": "2023-05-23 11:09:02",
    "emailSendingLastDateSent": null,
    "emailSendingDoNotSendEmptyReport": false,
    "applyAcl": false,
    "joinedReportDataList": null,
    "createdById": "1",
    "modifiedById": "6411e441336e27a46"
}
]
